Metric,Value
RMSE,0.2320107328818769
Hydraulic R (Pa.s/m^3),2187892176.159916
Flow rate (m^3/s),4.570609150196571e-07
Max velocity (m/s),0.35195507668659887
